{
  "API Ventas" : {
    "transaction" : "API Ventas",
    "sampleCount" : 6,
    "errorCount" : 0,
    "errorPct" : 0.0,
    "meanResTime" : 17.333333333333336,
    "medianResTime" : 10.0,
    "minResTime" : 5.0,
    "maxResTime" : 59.0,
    "pct1ResTime" : 59.0,
    "pct2ResTime" : 59.0,
    "pct3ResTime" : 59.0,
    "throughput" : 1.9274012206874398,
    "receivedKBytesPerSec" : 11.172903951172502,
    "sentKBytesPerSec" : 0.2390429248313524
  },
  "API Transbank" : {
    "transaction" : "API Transbank",
    "sampleCount" : 6,
    "errorCount" : 0,
    "errorPct" : 0.0,
    "meanResTime" : 8.166666666666666,
    "medianResTime" : 3.5,
    "minResTime" : 2.0,
    "maxResTime" : 23.0,
    "pct1ResTime" : 23.0,
    "pct2ResTime" : 23.0,
    "pct3ResTime" : 23.0,
    "throughput" : 1.9627085377821392,
    "receivedKBytesPerSec" : 1.8860402355250245,
    "sentKBytesPerSec" : 0.2338383218842002
  },
  "Total" : {
    "transaction" : "Total",
    "sampleCount" : 18,
    "errorCount" : 0,
    "errorPct" : 0.0,
    "meanResTime" : 16.833333333333336,
    "medianResTime" : 10.0,
    "minResTime" : 2.0,
    "maxResTime" : 99.0,
    "pct1ResTime" : 63.00000000000006,
    "pct2ResTime" : 99.0,
    "pct3ResTime" : 99.0,
    "throughput" : 5.588326606643899,
    "receivedKBytesPerSec" : 25.120182978888543,
    "sentKBytesPerSec" : 0.6876261254268861
  },
  "API Inventario" : {
    "transaction" : "API Inventario",
    "sampleCount" : 6,
    "errorCount" : 0,
    "errorPct" : 0.0,
    "meanResTime" : 25.0,
    "medianResTime" : 10.0,
    "minResTime" : 8.0,
    "maxResTime" : 99.0,
    "pct1ResTime" : 99.0,
    "pct2ResTime" : 99.0,
    "pct3ResTime" : 99.0,
    "throughput" : 1.8709073900841908,
    "receivedKBytesPerSec" : 12.58660254911132,
    "sentKBytesPerSec" : 0.23569048175865295
  }
}